member_id,first_name,last_name,email,phone,join_date
1,Arjun,Nair,arjun.nair@email.com,9876543210,1/15/2022
2,Priya,Menon,priya.menon@email.com,9876543211,2/20/2022
3,Rahul,Sharma,rahul.sharma@email.com,9876543212,3/10/2022
4,Sneha,Pillai,sneha.pillai@email.com,9876543213,4/5/2022
5,Vikram,Kumar,vikram.kumar@email.com,9876543214,5/18/2022
6,Anjali,Das,anjali.das@email.com,9876543215,6/22/2022
7,Rohan,Verma,rohan.verma@email.com,9876543216,7/30/2022
8,Kavya,Reddy,kavya.reddy@email.com,9876543217,8/14/2022
9,Aditya,Singh,aditya.singh@email.com,9876543218,9/9/2022
10,Meera,Krishnan,meera.krishnan@email.com,9876543219,10/1/2022
11,Nikhil,Joshi,nikhil.joshi@email.com,9876543220,11/12/2022
12,Divya,Iyer,divya.iyer@email.com,9876543221,12/5/2022
13,Sanjay,Patel,sanjay.patel@email.com,9876543222,1/19/2023
14,Pooja,Ghosh,pooja.ghosh@email.com,9876543223,2/8/2023
15,Karthik,Rao,karthik.rao@email.com,9876543224,3/25/2023
16,Ananya,Bose,ananya.bose@email.com,9876543225,4/17/2023
17,Suresh,Nambiar,suresh.nambiar@email.com,9876543226,5/30/2023
18,Lakshmi,Varma,lakshmi.varma@email.com,9876543227,6/11/2023
19,Deepak,Tiwari,deepak.tiwari@email.com,9876543228,7/22/2023
20,Nisha,Chauhan,nisha.chauhan@email.com,9876543229,8/3/2023
21,Rajesh,Mehta,rajesh.mehta@email.com,9876543230,9/14/2023
22,Sunita,Kapoor,sunita.kapoor@email.com,9876543231,10/27/2023
23,Amit,Desai,amit.desai@email.com,9876543232,11/6/2023
24,Ritu,Malhotra,ritu.malhotra@email.com,9876543233,12/19/2023
25,Gaurav,Pandey,gaurav.pandey@email.com,9876543234,1/8/2024
26,Swati,Chandra,swati.chandra@email.com,9876543235,1/22/2024
27,Manish,Dubey,manish.dubey@email.com,9876543236,2/14/2024
28,Rina,Saxena,rina.saxena@email.com,9876543237,2/28/2024
29,Vivek,Aggarwal,vivek.aggarwal@email.com,9876543238,3/10/2024
30,Pallavi,Srivastava,pallavi.sri@email.com,9876543239,3/25/2024
31,Harish,Negi,harish.negi@email.com,9876543240,4/2/2024
32,Geeta,Bhatt,geeta.bhatt@email.com,9876543241,4/18/2024
33,Manoj,Thakur,manoj.thakur@email.com,9876543242,5/5/2024
34,Shweta,Gupta,shweta.gupta@email.com,9876543243,5/20/2024
35,Naveen,Mishra,naveen.mishra@email.com,9876543244,6/1/2024
36,Tanvi,Banerjee,tanvi.banerjee@email.com,9876543245,6/15/2024
37,Sachin,Jain,sachin.jain@email.com,9876543246,7/4/2024
38,Asha,Kulkarni,asha.kulkarni@email.com,9876543247,7/19/2024
39,Pranav,Shukla,pranav.shukla@email.com,9876543248,8/8/2024
40,Shreya,Dixit,shreya.dixit@email.com,9876543249,8/23/2024
41,Yash,Oberoi,yash.oberoi@email.com,9876543250,9/10/2024
42,Neha,Bajaj,neha.bajaj@email.com,9876543251,9/25/2024
43,Rohit,Sinha,rohit.sinha@email.com,9876543252,10/7/2024
44,Kajal,Yadav,kajal.yadav@email.com,9876543253,10/22/2024
45,Tarun,Rawat,tarun.rawat@email.com,9876543254,11/4/2024
46,Ishaan,Bhargava,ishaan.bhargava@email.com,9876543255,11/18/2024
47,Ritika,Mahajan,ritika.mahajan@email.com,9876543256,12/2/2024
48,Varun,Chopra,varun.chopra@email.com,9876543257,12/16/2024
49,Simran,Gill,simran.gill@email.com,9876543258,1/5/2025
50,Dhruv,Mathur,dhruv.mathur@email.com,9876543259,1/20/2025
